[{"model": "admin.logentry", "pk": 1, "fields": {"action_time": "2022-12-05T23:06:27.858Z", "user": 1, "content_type": 6, "object_id": "13", "object_repr": "0000", "action_flag": 3, "change_message": ""}}, {"model": "admin.logentry", "pk": 2, "fields": {"action_time": "2022-12-05T23:06:27.861Z", "user": 1, "content_type": 6, "object_id": "3", "object_repr": "1", "action_flag": 3, "change_message": ""}}, {"model": "admin.logentry", "pk": 3, "fields": {"action_time": "2022-12-05T23:06:27.863Z", "user": 1, "content_type": 6, "object_id": "12", "object_repr": "1111111", "action_flag": 3, "change_message": ""}}, {"model": "admin.logentry", "pk": 4, "fields": {"action_time": "2022-12-05T23:06:27.866Z", "user": 1, "content_type": 6, "object_id": "4", "object_repr": "12", "action_flag": 3, "change_message": ""}}, {"model": "admin.logentry", "pk": 5, "fields": {"action_time": "2022-12-05T23:06:27.867Z", "user": 1, "content_type": 6, "object_id": "5", "object_repr": "123", "action_flag": 3, "change_message": ""}}, {"model": "admin.logentry", "pk": 6, "fields": {"action_time": "2022-12-05T23:06:27.868Z", "user": 1, "content_type": 6, "object_id": "6", "object_repr": "1233", "action_flag": 3, "change_message": ""}}, {"model": "admin.logentry", "pk": 7, "fields": {"action_time": "2022-12-05T23:06:27.869Z", "user": 1, "content_type": 6, "object_id": "7", "object_repr": "123412341234", "action_flag": 3, "change_message": ""}}, {"model": "admin.logentry", "pk": 8, "fields": {"action_time": "2022-12-05T23:06:27.871Z", "user": 1, "content_type": 6, "object_id": "8", "object_repr": "1234123412341234", "action_flag": 3, "change_message": ""}}, {"model": "admin.logentry", "pk": 9, "fields": {"action_time": "2022-12-05T23:06:27.873Z", "user": 1, "content_type": 6, "object_id": "11", "object_repr": "1234123423434343434", "action_flag": 3, "change_message": ""}}, {"model": "admin.logentry", "pk": 10, "fields": {"action_time": "2022-12-05T23:06:27.875Z", "user": 1, "content_type": 6, "object_id": "9", "object_repr": "233234234", "action_flag": 3, "change_message": ""}}, {"model": "admin.logentry", "pk": 11, "fields": {"action_time": "2022-12-05T23:06:27.876Z", "user": 1, "content_type": 6, "object_id": "10", "object_repr": "2332342341", "action_flag": 3, "change_message": ""}}, {"model": "admin.logentry", "pk": 12, "fields": {"action_time": "2022-12-06T03:05:00.173Z", "user": 1, "content_type": 6, "object_id": "15", "object_repr": "eddiemoon", "action_flag": 3, "change_message": ""}}, {"model": "admin.logentry", "pk": 13, "fields": {"action_time": "2022-12-06T03:09:55.756Z", "user": 1, "content_type": 6, "object_id": "16", "object_repr": "eddiemoon", "action_flag": 3, "change_message": ""}}, {"model": "admin.logentry", "pk": 14, "fields": {"action_time": "2022-12-06T16:03:35.477Z", "user": 1, "content_type": 13, "object_id": "1", "object_repr": "eddiemoon - card information", "action_flag": 3, "change_message": ""}}, {"model": "admin.logentry", "pk": 15, "fields": {"action_time": "2022-12-06T17:08:30.056Z", "user": 1, "content_type": 13, "object_id": "2", "object_repr": "eddiemoon - card information", "action_flag": 3, "change_message": ""}}, {"model": "admin.logentry", "pk": 16, "fields": {"action_time": "2022-12-06T17:34:42.881Z", "user": 1, "content_type": 13, "object_id": "3", "object_repr": "eddiemoon - card information", "action_flag": 3, "change_message": ""}}, {"model": "admin.logentry", "pk": 17, "fields": {"action_time": "2022-12-06T20:36:23.262Z", "user": 1, "content_type": 10, "object_id": "1", "object_repr": "Studio Toronto", "action_flag": 1, "change_message": "[{\"added\": {}}, {\"added\": {\"name\": \"point\", \"object\": \"43.65107,-79.347015\"}}, {\"added\": {\"name\": \"amenity\", \"object\": \"Track / 2\"}}, {\"added\": {\"name\": \"amenity\", \"object\": \"Pool / 1\"}}, {\"added\": {\"name\": \"image\", \"object\": \"/media/studios/indoorpool.png\"}}, {\"added\": {\"name\": \"image\", \"object\": \"/media/studios/indoortrack.png\"}}]"}}, {"model": "admin.logentry", "pk": 18, "fields": {"action_time": "2022-12-06T20:38:07.043Z", "user": 1, "content_type": 10, "object_id": "2", "object_repr": "Markham One", "action_flag": 1, "change_message": "[{\"added\": {}}, {\"added\": {\"name\": \"point\", \"object\": \"43.856098,-79.337021\"}}]"}}, {"model": "admin.logentry", "pk": 19, "fields": {"action_time": "2022-12-06T20:38:23.913Z", "user": 1, "content_type": 10, "object_id": "1", "object_repr": "Studio Toronto", "action_flag": 2, "change_message": "[{\"changed\": {\"name\": \"point\", \"object\": \"43.642567,-79.387054\", \"fields\": [\"Latitude\", \"Longitude\"]}}]"}}, {"model": "admin.logentry", "pk": 20, "fields": {"action_time": "2022-12-06T20:41:12.566Z", "user": 1, "content_type": 10, "object_id": "2", "object_repr": "Markham One", "action_flag": 2, "change_message": "[{\"added\": {\"name\": \"amenity\", \"object\": \"Yoga / 2\"}}, {\"added\": {\"name\": \"amenity\", \"object\": \"Cycle / 1\"}}, {\"added\": {\"name\": \"image\", \"object\": \"/media/studios/cycle.png\"}}, {\"added\": {\"name\": \"image\", \"object\": \"/media/studios/yoga.png\"}}]"}}, {"model": "admin.logentry", "pk": 21, "fields": {"action_time": "2022-12-06T20:43:09.017Z", "user": 1, "content_type": 10, "object_id": "3", "object_repr": "Sauga Fitness", "action_flag": 1, "change_message": "[{\"added\": {}}, {\"added\": {\"name\": \"point\", \"object\": \"43.59531,-79.640579\"}}, {\"added\": {\"name\": \"amenity\", \"object\": \"Basketball Court / 2\"}}, {\"added\": {\"name\": \"image\", \"object\": \"/media/studios/basketballcourt.png\"}}]"}}, {"model": "admin.logentry", "pk": 22, "fields": {"action_time": "2022-12-06T20:45:25.311Z", "user": 1, "content_type": 10, "object_id": "4", "object_repr": "West Coast Gym", "action_flag": 1, "change_message": "[{\"added\": {}}, {\"added\": {\"name\": \"point\", \"object\": \"49.246292,-123.116226\"}}, {\"added\": {\"name\": \"amenity\", \"object\": \"Badminton Court / 1\"}}, {\"added\": {\"name\": \"amenity\", \"object\": \"Pool / 1\"}}, {\"added\": {\"name\": \"image\", \"object\": \"/media/studios/badmintoncourt.jpeg\"}}, {\"added\": {\"name\": \"image\", \"object\": \"/media/studios/poolindoor2.jpeg\"}}]"}}, {"model": "admin.logentry", "pk": 23, "fields": {"action_time": "2022-12-06T20:46:52.552Z", "user": 1, "content_type": 10, "object_id": "5", "object_repr": "Calgary Fitness", "action_flag": 1, "change_message": "[{\"added\": {}}, {\"added\": {\"name\": \"point\", \"object\": \"51.049999,-114.066666\"}}, {\"added\": {\"name\": \"amenity\", \"object\": \"Skating Rink / 1\"}}, {\"added\": {\"name\": \"image\", \"object\": \"/media/studios/skatingrink.jpeg\"}}]"}}, {"model": "admin.logentry", "pk": 24, "fields": {"action_time": "2022-12-07T03:04:26.636Z", "user": 1, "content_type": 11, "object_id": "1", "object_repr": "Beginner's Swimming", "action_flag": 1, "change_message": "[{\"added\": {}}, {\"added\": {\"name\": \"keyword\", \"object\": \"pool\"}}, {\"added\": {\"name\": \"keyword\", \"object\": \"swimming\"}}, {\"added\": {\"name\": \"keyword\", \"object\": \"beginner\"}}]"}}, {"model": "admin.logentry", "pk": 25, "fields": {"action_time": "2022-12-07T03:07:04.572Z", "user": 1, "content_type": 11, "object_id": "2", "object_repr": "2 - Beginner's Swimming - 2023-01-17 12:00:00+00:00", "action_flag": 1, "change_message": "[{\"added\": {}}, {\"added\": {\"name\": \"keyword\", \"object\": \"pool\"}}, {\"added\": {\"name\": \"keyword\", \"object\": \"swimming\"}}, {\"added\": {\"name\": \"keyword\", \"object\": \"beginner\"}}]"}}, {"model": "admin.logentry", "pk": 26, "fields": {"action_time": "2022-12-07T03:07:55.746Z", "user": 1, "content_type": 11, "object_id": "3", "object_repr": "3 - Beginner's Swimming - 2023-01-24 12:00:00+00:00", "action_flag": 1, "change_message": "[{\"added\": {}}, {\"added\": {\"name\": \"keyword\", \"object\": \"pool\"}}, {\"added\": {\"name\": \"keyword\", \"object\": \"swimming\"}}, {\"added\": {\"name\": \"keyword\", \"object\": \"beginner\"}}]"}}, {"model": "admin.logentry", "pk": 27, "fields": {"action_time": "2022-12-07T03:53:36.543Z", "user": 1, "content_type": 14, "object_id": "1", "object_repr": "14.99-7days", "action_flag": 1, "change_message": "[{\"added\": {}}]"}}, {"model": "admin.logentry", "pk": 28, "fields": {"action_time": "2022-12-07T03:53:48.513Z", "user": 1, "content_type": 14, "object_id": "2", "object_repr": "30.0-30days", "action_flag": 1, "change_message": "[{\"added\": {}}]"}}, {"model": "admin.logentry", "pk": 29, "fields": {"action_time": "2022-12-07T03:53:59.956Z", "user": 1, "content_type": 14, "object_id": "3", "object_repr": "200.0-365days", "action_flag": 1, "change_message": "[{\"added\": {}}]"}}, {"model": "admin.logentry", "pk": 30, "fields": {"action_time": "2022-12-07T03:54:16.846Z", "user": 1, "content_type": 14, "object_id": "3", "object_repr": "250.0-365days", "action_flag": 2, "change_message": "[{\"changed\": {\"fields\": [\"Price\"]}}]"}}, {"model": "admin.logentry", "pk": 31, "fields": {"action_time": "2022-12-09T02:09:49.750Z", "user": 1, "content_type": 15, "object_id": "1", "object_repr": "eddiemoon - subscription", "action_flag": 3, "change_message": ""}}, {"model": "admin.logentry", "pk": 32, "fields": {"action_time": "2022-12-09T02:17:55.218Z", "user": 1, "content_type": 15, "object_id": "2", "object_repr": "eddiemoon - subscription", "action_flag": 3, "change_message": ""}}, {"model": "admin.logentry", "pk": 33, "fields": {"action_time": "2022-12-09T02:44:26.135Z", "user": 1, "content_type": 16, "object_id": "10", "object_repr": "eddiemoon - payment (2022-12-09 02:33:17.360058+00:00)", "action_flag": 3, "change_message": ""}}, {"model": "admin.logentry", "pk": 34, "fields": {"action_time": "2022-12-09T02:44:26.138Z", "user": 1, "content_type": 16, "object_id": "9", "object_repr": "eddiemoon - payment (2022-12-09 02:33:16.641106+00:00)", "action_flag": 3, "change_message": ""}}, {"model": "admin.logentry", "pk": 35, "fields": {"action_time": "2022-12-09T02:44:26.140Z", "user": 1, "content_type": 16, "object_id": "8", "object_repr": "eddiemoon - payment (2022-12-09 02:33:16.031958+00:00)", "action_flag": 3, "change_message": ""}}, {"model": "admin.logentry", "pk": 36, "fields": {"action_time": "2022-12-09T02:44:26.143Z", "user": 1, "content_type": 16, "object_id": "7", "object_repr": "eddiemoon - payment (2022-12-09 02:33:00.229268+00:00)", "action_flag": 3, "change_message": ""}}, {"model": "admin.logentry", "pk": 37, "fields": {"action_time": "2022-12-09T02:44:26.144Z", "user": 1, "content_type": 16, "object_id": "6", "object_repr": "eddiemoon - payment (2022-12-09 02:31:20.623659+00:00)", "action_flag": 3, "change_message": ""}}, {"model": "admin.logentry", "pk": 38, "fields": {"action_time": "2022-12-09T02:44:26.146Z", "user": 1, "content_type": 16, "object_id": "5", "object_repr": "eddiemoon - payment (2022-12-09 02:30:31.483306+00:00)", "action_flag": 3, "change_message": ""}}, {"model": "admin.logentry", "pk": 39, "fields": {"action_time": "2022-12-09T02:44:26.147Z", "user": 1, "content_type": 16, "object_id": "4", "object_repr": "eddiemoon - payment (2022-12-09 02:30:30.616897+00:00)", "action_flag": 3, "change_message": ""}}, {"model": "admin.logentry", "pk": 40, "fields": {"action_time": "2022-12-09T02:44:26.149Z", "user": 1, "content_type": 16, "object_id": "3", "object_repr": "eddiemoon - payment (2022-12-09 02:17:57.743944+00:00)", "action_flag": 3, "change_message": ""}}, {"model": "admin.logentry", "pk": 41, "fields": {"action_time": "2022-12-09T02:44:26.151Z", "user": 1, "content_type": 16, "object_id": "2", "object_repr": "eddiemoon - payment (2022-12-09 02:12:09.834597+00:00)", "action_flag": 3, "change_message": ""}}, {"model": "admin.logentry", "pk": 42, "fields": {"action_time": "2022-12-09T02:44:26.153Z", "user": 1, "content_type": 16, "object_id": "1", "object_repr": "eddiemoon - payment (2022-12-09 01:23:34.791696+00:00)", "action_flag": 3, "change_message": ""}}, {"model": "admin.logentry", "pk": 43, "fields": {"action_time": "2022-12-09T02:44:36.248Z", "user": 1, "content_type": 15, "object_id": "3", "object_repr": "eddiemoon - subscription", "action_flag": 3, "change_message": ""}}, {"model": "admin.logentry", "pk": 44, "fields": {"action_time": "2022-12-09T02:45:28.014Z", "user": 1, "content_type": 15, "object_id": "4", "object_repr": "eddiemoon - subscription", "action_flag": 2, "change_message": "[{\"changed\": {\"fields\": [\"Status\"]}}]"}}, {"model": "admin.logentry", "pk": 45, "fields": {"action_time": "2022-12-09T07:30:23.625Z", "user": 1, "content_type": 10, "object_id": "6", "object_repr": "NY Gym", "action_flag": 1, "change_message": "[{\"added\": {}}, {\"added\": {\"name\": \"point\", \"object\": \"40.73061,-73.935242\"}}, {\"added\": {\"name\": \"amenity\", \"object\": \"Showers / 4\"}}, {\"added\": {\"name\": \"amenity\", \"object\": \"Sauna / 1\"}}, {\"added\": {\"name\": \"image\", \"object\": \"/media/studios/gym_sauna.jpeg\"}}, {\"added\": {\"name\": \"image\", \"object\": \"/media/studios/gymshower.png\"}}]"}}, {"model": "admin.logentry", "pk": 46, "fields": {"action_time": "2022-12-09T07:32:56.803Z", "user": 1, "content_type": 10, "object_id": "7", "object_repr": "Fitness Seattle", "action_flag": 1, "change_message": "[{\"added\": {}}, {\"added\": {\"name\": \"point\", \"object\": \"47.608013,-122.335167\"}}, {\"added\": {\"name\": \"amenity\", \"object\": \"Racquetball Court / 2\"}}, {\"added\": {\"name\": \"amenity\", \"object\": \"Massage Room / 1\"}}, {\"added\": {\"name\": \"image\", \"object\": \"/media/studios/massageroom.png\"}}, {\"added\": {\"name\": \"image\", \"object\": \"/media/studios/rcb.png\"}}]"}}, {"model": "admin.logentry", "pk": 47, "fields": {"action_time": "2022-12-09T07:34:51.049Z", "user": 1, "content_type": 10, "object_id": "8", "object_repr": "QB Health", "action_flag": 1, "change_message": "[{\"added\": {}}, {\"added\": {\"name\": \"point\", \"object\": \"46.829853,-71.254028\"}}, {\"added\": {\"name\": \"amenity\", \"object\": \"Tennis Court / 1\"}}, {\"added\": {\"name\": \"amenity\", \"object\": \"Swimming Pool / 1\"}}, {\"added\": {\"name\": \"image\", \"object\": \"/media/studios/tenniscourt.jpeg\"}}, {\"added\": {\"name\": \"image\", \"object\": \"/media/studios/Pool-1.jpeg\"}}]"}}, {"model": "admin.logentry", "pk": 48, "fields": {"action_time": "2022-12-09T07:37:05.762Z", "user": 1, "content_type": 10, "object_id": "9", "object_repr": "North York Fit", "action_flag": 1, "change_message": "[{\"added\": {}}, {\"added\": {\"name\": \"point\", \"object\": \"43.761539,-79.411079\"}}, {\"added\": {\"name\": \"amenity\", \"object\": \"Track / 1\"}}, {\"added\": {\"name\": \"amenity\", \"object\": \"Swimming Pool / 1\"}}, {\"added\": {\"name\": \"image\", \"object\": \"/media/studios/723ce718632e20671af34626b8ac855e.jpeg\"}}, {\"added\": {\"name\": \"image\", \"object\": \"/media/studios/pool.jpeg\"}}]"}}, {"model": "admin.logentry", "pk": 49, "fields": {"action_time": "2022-12-09T07:39:20.186Z", "user": 1, "content_type": 10, "object_id": "10", "object_repr": "LA Workouts", "action_flag": 1, "change_message": "[{\"added\": {}}, {\"added\": {\"name\": \"point\", \"object\": \"34.052235,-118.243683\"}}, {\"added\": {\"name\": \"amenity\", \"object\": \"Basketball Court / 2\"}}, {\"added\": {\"name\": \"amenity\", \"object\": \"Tennis Court / 1\"}}, {\"added\": {\"name\": \"image\", \"object\": \"/media/studios/gyms-with-indoor-basketball-courts-near-me-edmonds.jpeg\"}}, {\"added\": {\"name\": \"image\", \"object\": \"/media/studios/tenniscr.jpeg\"}}]"}}, {"model": "admin.logentry", "pk": 50, "fields": {"action_time": "2022-12-09T07:41:17.343Z", "user": 1, "content_type": 10, "object_id": "11", "object_repr": "Running Chicago", "action_flag": 1, "change_message": "[{\"added\": {}}, {\"added\": {\"name\": \"point\", \"object\": \"41.881832,-87.623177\"}}, {\"added\": {\"name\": \"amenity\", \"object\": \"Swimming Pool / 1\"}}, {\"added\": {\"name\": \"amenity\", \"object\": \"Sauna / 1\"}}, {\"added\": {\"name\": \"image\", \"object\": \"/media/studios/sauna.jpeg\"}}, {\"added\": {\"name\": \"image\", \"object\": \"/media/studios/swmi.jpeg\"}}]"}}, {"model": "admin.logentry", "pk": 51, "fields": {"action_time": "2022-12-09T07:44:09.453Z", "user": 1, "content_type": 11, "object_id": "4", "object_repr": "4 - Hot Yoga - 2023-01-09 08:00:00+00:00", "action_flag": 1, "change_message": "[{\"added\": {}}, {\"added\": {\"name\": \"keyword\", \"object\": \"healthy, exercise, meditate\"}}]"}}, {"model": "admin.logentry", "pk": 52, "fields": {"action_time": "2022-12-09T07:45:28.905Z", "user": 1, "content_type": 11, "object_id": "5", "object_repr": "5 - Hot Yoga - 2023-01-16 08:00:00+00:00", "action_flag": 1, "change_message": "[{\"added\": {}}, {\"added\": {\"name\": \"keyword\", \"object\": \"healthy\"}}, {\"added\": {\"name\": \"keyword\", \"object\": \"exercise\"}}, {\"added\": {\"name\": \"keyword\", \"object\": \"meditate\"}}]"}}, {"model": "admin.logentry", "pk": 53, "fields": {"action_time": "2022-12-09T07:45:31.173Z", "user": 1, "content_type": 11, "object_id": "4", "object_repr": "4 - Hot Yoga - 2023-01-09 08:00:00+00:00", "action_flag": 2, "change_message": "[{\"added\": {\"name\": \"keyword\", \"object\": \"exercise\"}}, {\"added\": {\"name\": \"keyword\", \"object\": \"meditate\"}}, {\"changed\": {\"name\": \"keyword\", \"object\": \"healthy\", \"fields\": [\"Keyword\"]}}]"}}, {"model": "admin.logentry", "pk": 54, "fields": {"action_time": "2022-12-09T07:46:57.357Z", "user": 1, "content_type": 11, "object_id": "6", "object_repr": "6 - Sprint Relay - 2022-12-21 14:00:00+00:00", "action_flag": 1, "change_message": "[{\"added\": {}}, {\"added\": {\"name\": \"keyword\", \"object\": \"sprint\"}}, {\"added\": {\"name\": \"keyword\", \"object\": \"track\"}}]"}}, {"model": "admin.logentry", "pk": 55, "fields": {"action_time": "2022-12-09T07:47:57.658Z", "user": 1, "content_type": 11, "object_id": "7", "object_repr": "7 - Sprint Relay - 2022-12-28 14:00:00+00:00", "action_flag": 1, "change_message": "[{\"added\": {}}, {\"added\": {\"name\": \"keyword\", \"object\": \"sprint\"}}, {\"added\": {\"name\": \"keyword\", \"object\": \"track\"}}]"}}, {"model": "admin.logentry", "pk": 56, "fields": {"action_time": "2022-12-09T07:54:44.830Z", "user": 1, "content_type": 6, "object_id": "14", "object_repr": "1234", "action_flag": 3, "change_message": ""}}, {"model": "admin.logentry", "pk": 57, "fields": {"action_time": "2022-12-09T07:54:44.837Z", "user": 1, "content_type": 6, "object_id": "17", "object_repr": "eddiemoon", "action_flag": 3, "change_message": ""}}, {"model": "admin.logentry", "pk": 58, "fields": {"action_time": "2022-12-09T07:54:44.838Z", "user": 1, "content_type": 6, "object_id": "2", "object_repr": "testuser", "action_flag": 3, "change_message": ""}}, {"model": "admin.logentry", "pk": 59, "fields": {"action_time": "2022-12-09T07:55:05.135Z", "user": 1, "content_type": 16, "object_id": "11", "object_repr": "eddiemoon - payment (2022-12-09 02:44:49.840770+00:00)", "action_flag": 3, "change_message": ""}}, {"model": "admin.logentry", "pk": 60, "fields": {"action_time": "2022-12-09T07:55:14.071Z", "user": 1, "content_type": 15, "object_id": "10", "object_repr": "eddiemoon - subscription - 10", "action_flag": 3, "change_message": ""}}, {"model": "admin.logentry", "pk": 61, "fields": {"action_time": "2022-12-09T07:55:14.074Z", "user": 1, "content_type": 15, "object_id": "9", "object_repr": "eddiemoon - subscription - 9", "action_flag": 3, "change_message": ""}}, {"model": "admin.logentry", "pk": 62, "fields": {"action_time": "2022-12-09T07:55:14.076Z", "user": 1, "content_type": 15, "object_id": "8", "object_repr": "eddiemoon - subscription - 8", "action_flag": 3, "change_message": ""}}, {"model": "admin.logentry", "pk": 63, "fields": {"action_time": "2022-12-09T07:55:14.077Z", "user": 1, "content_type": 15, "object_id": "7", "object_repr": "eddiemoon - subscription - 7", "action_flag": 3, "change_message": ""}}, {"model": "admin.logentry", "pk": 64, "fields": {"action_time": "2022-12-09T07:55:14.079Z", "user": 1, "content_type": 15, "object_id": "6", "object_repr": "eddiemoon - subscription - 6", "action_flag": 3, "change_message": ""}}, {"model": "admin.logentry", "pk": 65, "fields": {"action_time": "2022-12-09T07:55:14.081Z", "user": 1, "content_type": 15, "object_id": "5", "object_repr": "eddiemoon - subscription - 5", "action_flag": 3, "change_message": ""}}, {"model": "admin.logentry", "pk": 66, "fields": {"action_time": "2022-12-09T07:55:14.082Z", "user": 1, "content_type": 15, "object_id": "4", "object_repr": "eddiemoon - subscription - 4", "action_flag": 3, "change_message": ""}}, {"model": "admin.logentry", "pk": 67, "fields": {"action_time": "2022-12-09T07:56:01.074Z", "user": 1, "content_type": 6, "object_id": "14", "object_repr": "1234", "action_flag": 3, "change_message": ""}}, {"model": "admin.logentry", "pk": 68, "fields": {"action_time": "2022-12-09T07:56:04.635Z", "user": 1, "content_type": 6, "object_id": "2", "object_repr": "testuser", "action_flag": 3, "change_message": ""}}, {"model": "admin.logentry", "pk": 69, "fields": {"action_time": "2022-12-09T07:56:08.278Z", "user": 1, "content_type": 6, "object_id": "17", "object_repr": "eddiemoon", "action_flag": 3, "change_message": ""}}, {"model": "admin.logentry", "pk": 70, "fields": {"action_time": "2022-12-09T07:56:22.259Z", "user": 1, "content_type": 13, "object_id": "4", "object_repr": "eddiemoon - card information", "action_flag": 3, "change_message": ""}}, {"model": "admin.logentry", "pk": 71, "fields": {"action_time": "2022-12-09T07:56:27.523Z", "user": 1, "content_type": 6, "object_id": "17", "object_repr": "eddiemoon", "action_flag": 3, "change_message": ""}}, {"model": "admin.logentry", "pk": 72, "fields": {"action_time": "2022-12-09T08:03:36.767Z", "user": 1, "content_type": 6, "object_id": "18", "object_repr": "testuser", "action_flag": 3, "change_message": ""}}, {"model": "admin.logentry", "pk": 73, "fields": {"action_time": "2022-12-09T08:10:49.866Z", "user": 1, "content_type": 16, "object_id": "12", "object_repr": "testuser - payment (2022-12-09 08:09:15.835538+00:00)", "action_flag": 3, "change_message": ""}}, {"model": "admin.logentry", "pk": 74, "fields": {"action_time": "2022-12-09T08:10:54.711Z", "user": 1, "content_type": 15, "object_id": "13", "object_repr": "testuser - subscription - 13", "action_flag": 3, "change_message": ""}}, {"model": "admin.logentry", "pk": 75, "fields": {"action_time": "2022-12-09T08:10:54.713Z", "user": 1, "content_type": 15, "object_id": "12", "object_repr": "testuser - subscription - 12", "action_flag": 3, "change_message": ""}}, {"model": "admin.logentry", "pk": 76, "fields": {"action_time": "2022-12-09T08:10:54.714Z", "user": 1, "content_type": 15, "object_id": "11", "object_repr": "testuser - subscription - 11", "action_flag": 3, "change_message": ""}}, {"model": "admin.logentry", "pk": 77, "fields": {"action_time": "2022-12-09T08:12:43.904Z", "user": 1, "content_type": 15, "object_id": "15", "object_repr": "testuser - subscription - 15", "action_flag": 3, "change_message": ""}}, {"model": "admin.logentry", "pk": 78, "fields": {"action_time": "2022-12-09T08:12:43.906Z", "user": 1, "content_type": 15, "object_id": "14", "object_repr": "testuser - subscription - 14", "action_flag": 3, "change_message": ""}}, {"model": "admin.logentry", "pk": 79, "fields": {"action_time": "2022-12-09T08:12:49.086Z", "user": 1, "content_type": 16, "object_id": "13", "object_repr": "testuser - payment (2022-12-09 08:12:12.864123+00:00)", "action_flag": 3, "change_message": ""}}, {"model": "auth.permission", "pk": 1, "fields": {"name": "Can add log entry", "content_type": 1, "codename": "add_logentry"}}, {"model": "auth.permission", "pk": 2, "fields": {"name": "Can change log entry", "content_type": 1, "codename": "change_logentry"}}, {"model": "auth.permission", "pk": 3, "fields": {"name": "Can delete log entry", "content_type": 1, "codename": "delete_logentry"}}, {"model": "auth.permission", "pk": 4, "fields": {"name": "Can view log entry", "content_type": 1, "codename": "view_logentry"}}, {"model": "auth.permission", "pk": 5, "fields": {"name": "Can add permission", "content_type": 2, "codename": "add_permission"}}, {"model": "auth.permission", "pk": 6, "fields": {"name": "Can change permission", "content_type": 2, "codename": "change_permission"}}, {"model": "auth.permission", "pk": 7, "fields": {"name": "Can delete permission", "content_type": 2, "codename": "delete_permission"}}, {"model": "auth.permission", "pk": 8, "fields": {"name": "Can view permission", "content_type": 2, "codename": "view_permission"}}, {"model": "auth.permission", "pk": 9, "fields": {"name": "Can add group", "content_type": 3, "codename": "add_group"}}, {"model": "auth.permission", "pk": 10, "fields": {"name": "Can change group", "content_type": 3, "codename": "change_group"}}, {"model": "auth.permission", "pk": 11, "fields": {"name": "Can delete group", "content_type": 3, "codename": "delete_group"}}, {"model": "auth.permission", "pk": 12, "fields": {"name": "Can view group", "content_type": 3, "codename": "view_group"}}, {"model": "auth.permission", "pk": 13, "fields": {"name": "Can add content type", "content_type": 4, "codename": "add_contenttype"}}, {"model": "auth.permission", "pk": 14, "fields": {"name": "Can change content type", "content_type": 4, "codename": "change_contenttype"}}, {"model": "auth.permission", "pk": 15, "fields": {"name": "Can delete content type", "content_type": 4, "codename": "delete_contenttype"}}, {"model": "auth.permission", "pk": 16, "fields": {"name": "Can view content type", "content_type": 4, "codename": "view_contenttype"}}, {"model": "auth.permission", "pk": 17, "fields": {"name": "Can add session", "content_type": 5, "codename": "add_session"}}, {"model": "auth.permission", "pk": 18, "fields": {"name": "Can change session", "content_type": 5, "codename": "change_session"}}, {"model": "auth.permission", "pk": 19, "fields": {"name": "Can delete session", "content_type": 5, "codename": "delete_session"}}, {"model": "auth.permission", "pk": 20, "fields": {"name": "Can view session", "content_type": 5, "codename": "view_session"}}, {"model": "auth.permission", "pk": 21, "fields": {"name": "Can add user", "content_type": 6, "codename": "add_user"}}, {"model": "auth.permission", "pk": 22, "fields": {"name": "Can change user", "content_type": 6, "codename": "change_user"}}, {"model": "auth.permission", "pk": 23, "fields": {"name": "Can delete user", "content_type": 6, "codename": "delete_user"}}, {"model": "auth.permission", "pk": 24, "fields": {"name": "Can view user", "content_type": 6, "codename": "view_user"}}, {"model": "auth.permission", "pk": 25, "fields": {"name": "Can add amenity", "content_type": 7, "codename": "add_amenity"}}, {"model": "auth.permission", "pk": 26, "fields": {"name": "Can change amenity", "content_type": 7, "codename": "change_amenity"}}, {"model": "auth.permission", "pk": 27, "fields": {"name": "Can delete amenity", "content_type": 7, "codename": "delete_amenity"}}, {"model": "auth.permission", "pk": 28, "fields": {"name": "Can view amenity", "content_type": 7, "codename": "view_amenity"}}, {"model": "auth.permission", "pk": 29, "fields": {"name": "Can add image", "content_type": 8, "codename": "add_image"}}, {"model": "auth.permission", "pk": 30, "fields": {"name": "Can change image", "content_type": 8, "codename": "change_image"}}, {"model": "auth.permission", "pk": 31, "fields": {"name": "Can delete image", "content_type": 8, "codename": "delete_image"}}, {"model": "auth.permission", "pk": 32, "fields": {"name": "Can view image", "content_type": 8, "codename": "view_image"}}, {"model": "auth.permission", "pk": 33, "fields": {"name": "Can add point", "content_type": 9, "codename": "add_point"}}, {"model": "auth.permission", "pk": 34, "fields": {"name": "Can change point", "content_type": 9, "codename": "change_point"}}, {"model": "auth.permission", "pk": 35, "fields": {"name": "Can delete point", "content_type": 9, "codename": "delete_point"}}, {"model": "auth.permission", "pk": 36, "fields": {"name": "Can view point", "content_type": 9, "codename": "view_point"}}, {"model": "auth.permission", "pk": 37, "fields": {"name": "Can add studio", "content_type": 10, "codename": "add_studio"}}, {"model": "auth.permission", "pk": 38, "fields": {"name": "Can change studio", "content_type": 10, "codename": "change_studio"}}, {"model": "auth.permission", "pk": 39, "fields": {"name": "Can delete studio", "content_type": 10, "codename": "delete_studio"}}, {"model": "auth.permission", "pk": 40, "fields": {"name": "Can view studio", "content_type": 10, "codename": "view_studio"}}, {"model": "auth.permission", "pk": 41, "fields": {"name": "Can add studio class", "content_type": 11, "codename": "add_studioclass"}}, {"model": "auth.permission", "pk": 42, "fields": {"name": "Can change studio class", "content_type": 11, "codename": "change_studioclass"}}, {"model": "auth.permission", "pk": 43, "fields": {"name": "Can delete studio class", "content_type": 11, "codename": "delete_studioclass"}}, {"model": "auth.permission", "pk": 44, "fields": {"name": "Can view studio class", "content_type": 11, "codename": "view_studioclass"}}, {"model": "auth.permission", "pk": 45, "fields": {"name": "Can add keyword", "content_type": 12, "codename": "add_keyword"}}, {"model": "auth.permission", "pk": 46, "fields": {"name": "Can change keyword", "content_type": 12, "codename": "change_keyword"}}, {"model": "auth.permission", "pk": 47, "fields": {"name": "Can delete keyword", "content_type": 12, "codename": "delete_keyword"}}, {"model": "auth.permission", "pk": 48, "fields": {"name": "Can view keyword", "content_type": 12, "codename": "view_keyword"}}, {"model": "auth.permission", "pk": 49, "fields": {"name": "Can add card", "content_type": 13, "codename": "add_card"}}, {"model": "auth.permission", "pk": 50, "fields": {"name": "Can change card", "content_type": 13, "codename": "change_card"}}, {"model": "auth.permission", "pk": 51, "fields": {"name": "Can delete card", "content_type": 13, "codename": "delete_card"}}, {"model": "auth.permission", "pk": 52, "fields": {"name": "Can view card", "content_type": 13, "codename": "view_card"}}, {"model": "auth.permission", "pk": 53, "fields": {"name": "Can add subscription plan", "content_type": 14, "codename": "add_subscriptionplan"}}, {"model": "auth.permission", "pk": 54, "fields": {"name": "Can change subscription plan", "content_type": 14, "codename": "change_subscriptionplan"}}, {"model": "auth.permission", "pk": 55, "fields": {"name": "Can delete subscription plan", "content_type": 14, "codename": "delete_subscriptionplan"}}, {"model": "auth.permission", "pk": 56, "fields": {"name": "Can view subscription plan", "content_type": 14, "codename": "view_subscriptionplan"}}, {"model": "auth.permission", "pk": 57, "fields": {"name": "Can add subscription", "content_type": 15, "codename": "add_subscription"}}, {"model": "auth.permission", "pk": 58, "fields": {"name": "Can change subscription", "content_type": 15, "codename": "change_subscription"}}, {"model": "auth.permission", "pk": 59, "fields": {"name": "Can delete subscription", "content_type": 15, "codename": "delete_subscription"}}, {"model": "auth.permission", "pk": 60, "fields": {"name": "Can view subscription", "content_type": 15, "codename": "view_subscription"}}, {"model": "auth.permission", "pk": 61, "fields": {"name": "Can add payment", "content_type": 16, "codename": "add_payment"}}, {"model": "auth.permission", "pk": 62, "fields": {"name": "Can change payment", "content_type": 16, "codename": "change_payment"}}, {"model": "auth.permission", "pk": 63, "fields": {"name": "Can delete payment", "content_type": 16, "codename": "delete_payment"}}, {"model": "auth.permission", "pk": 64, "fields": {"name": "Can view payment", "content_type": 16, "codename": "view_payment"}}, {"model": "auth.permission", "pk": 65, "fields": {"name": "Can add class booking", "content_type": 17, "codename": "add_classbooking"}}, {"model": "auth.permission", "pk": 66, "fields": {"name": "Can change class booking", "content_type": 17, "codename": "change_classbooking"}}, {"model": "auth.permission", "pk": 67, "fields": {"name": "Can delete class booking", "content_type": 17, "codename": "delete_classbooking"}}, {"model": "auth.permission", "pk": 68, "fields": {"name": "Can view class booking", "content_type": 17, "codename": "view_classbooking"}}, {"model": "sessions.session", "pk": "dj49epb6k0g1cpsi8x1210wye180tk59", "fields": {"session_data": ".eJxVjMsOwiAUBf-FtSG9lBZw6d5vIPcBUjU0Ke3K-O_apAvdnpk5LxVxW0vcWlriJOqsQJ1-N0J-pLoDuWO9zZrnui4T6V3RB236Okt6Xg7376BgK9-aoWMCCDw6QhKfiYLzHQ-BwKMJCUxPLBmClYSSB8_GGuxzsuhkDOr9AQc-OO4:1p2DC2:f37CkLQGmr9i7yC3m45NupPKC7hpkHMfW4pvYW1tZ8E", "expire_date": "2022-12-19T15:15:42.646Z"}}, {"model": "sessions.session", "pk": "o8ulupgj1v3s5ad0sxi7tl5dp5xcxvhn", "fields": {"session_data": ".eJxVjMsOwiAQRf-FtSEMb1y69xsIDINUDU1KuzL-uzbpQrf3nHNfLKZtbXEbtMSpsDOTgp1-x5zwQX0n5Z76beY493WZMt8VftDBr3Oh5-Vw_w5aGu1bk7OZEIIVHoxzToIWxiuqVehSKCgSKgShlQQgW71BlLaiUwTOI1j2_gDkGDcl:1p3ZVL:-VpzLbhq-XVKQBf58hRFjZklbGRFd_dqYxC8thykqsU", "expire_date": "2022-12-23T09:17:15.071Z"}}, {"model": "accounts.user", "pk": 1, "fields": {"password": "pbkdf2_sha256$390000$AYXRXS6IgxOBTJlIxpdp1a$I/CrhHCnm6Y18FB/l2QgD/OwYff42emsFzebsSG4a8k=", "last_login": "2022-12-05T15:15:42.643Z", "is_superuser": true, "username": "eddie", "email": "", "is_staff": true, "is_active": true, "date_joined": "2022-12-05T15:15:27.023Z", "avatar": "", "phone_number": "xxx-xxx-xxxx", "first_name": "", "last_name": "", "groups": [], "user_permissions": []}}, {"model": "accounts.user", "pk": 19, "fields": {"password": "pbkdf2_sha256$390000$x9poIYwuxMhHwkddrEuzKq$VnA6O4ckWxemF3HRy7qw720DaC9g8k9FQA8crwCx/po=", "last_login": null, "is_superuser": false, "username": "testuser", "email": "testuser@gmail.com", "is_staff": false, "is_active": true, "date_joined": "2022-12-09T08:03:57.558Z", "avatar": "avatars/istockphoto-1269753834-612x612_bwWzcja.jpeg", "phone_number": "123-456-7890", "first_name": "Test", "last_name": "User", "groups": [], "user_permissions": []}}, {"model": "accounts.user", "pk": 20, "fields": {"password": "pbkdf2_sha256$390000$5iHgQjcOdmZWA9hxZVtnBD$ziSsVouHTVeV2YNrUBlONNkLKScQS1Ffiwi9vpBH+A0=", "last_login": "2022-12-09T09:17:15.070Z", "is_superuser": true, "username": "testadmin", "email": "", "is_staff": true, "is_active": true, "date_joined": "2022-12-09T09:17:09.652Z", "avatar": "", "phone_number": "", "first_name": "", "last_name": "", "groups": [], "user_permissions": []}}, {"model": "studios.image", "pk": 1, "fields": {"image": "studios/indoorpool.png", "studio": 1}}, {"model": "studios.image", "pk": 2, "fields": {"image": "studios/indoortrack.png", "studio": 1}}, {"model": "studios.image", "pk": 3, "fields": {"image": "studios/cycle.png", "studio": 2}}, {"model": "studios.image", "pk": 4, "fields": {"image": "studios/yoga.png", "studio": 2}}, {"model": "studios.image", "pk": 5, "fields": {"image": "studios/basketballcourt.png", "studio": 3}}, {"model": "studios.image", "pk": 6, "fields": {"image": "studios/badmintoncourt.jpeg", "studio": 4}}, {"model": "studios.image", "pk": 7, "fields": {"image": "studios/poolindoor2.jpeg", "studio": 4}}, {"model": "studios.image", "pk": 8, "fields": {"image": "studios/skatingrink.jpeg", "studio": 5}}, {"model": "studios.image", "pk": 9, "fields": {"image": "studios/gym_sauna.jpeg", "studio": 6}}, {"model": "studios.image", "pk": 10, "fields": {"image": "studios/gymshower.png", "studio": 6}}, {"model": "studios.image", "pk": 11, "fields": {"image": "studios/massageroom.png", "studio": 7}}, {"model": "studios.image", "pk": 12, "fields": {"image": "studios/rcb.png", "studio": 7}}, {"model": "studios.image", "pk": 13, "fields": {"image": "studios/tenniscourt.jpeg", "studio": 8}}, {"model": "studios.image", "pk": 14, "fields": {"image": "studios/Pool-1.jpeg", "studio": 8}}, {"model": "studios.image", "pk": 15, "fields": {"image": "studios/723ce718632e20671af34626b8ac855e.jpeg", "studio": 9}}, {"model": "studios.image", "pk": 16, "fields": {"image": "studios/pool.jpeg", "studio": 9}}, {"model": "studios.image", "pk": 17, "fields": {"image": "studios/gyms-with-indoor-basketball-courts-near-me-edmonds.jpeg", "studio": 10}}, {"model": "studios.image", "pk": 18, "fields": {"image": "studios/tenniscr.jpeg", "studio": 10}}, {"model": "studios.image", "pk": 19, "fields": {"image": "studios/sauna.jpeg", "studio": 11}}, {"model": "studios.image", "pk": 20, "fields": {"image": "studios/swmi.jpeg", "studio": 11}}, {"model": "studios.point", "pk": 1, "fields": {"latitude": 43.642567, "longitude": -79.387054, "studio": 1}}, {"model": "studios.point", "pk": 2, "fields": {"latitude": 43.856098, "longitude": -79.337021, "studio": 2}}, {"model": "studios.point", "pk": 3, "fields": {"latitude": 43.59531, "longitude": -79.640579, "studio": 3}}, {"model": "studios.point", "pk": 4, "fields": {"latitude": 49.246292, "longitude": -123.116226, "studio": 4}}, {"model": "studios.point", "pk": 5, "fields": {"latitude": 51.049999, "longitude": -114.066666, "studio": 5}}, {"model": "studios.point", "pk": 6, "fields": {"latitude": 40.73061, "longitude": -73.935242, "studio": 6}}, {"model": "studios.point", "pk": 7, "fields": {"latitude": 47.608013, "longitude": -122.335167, "studio": 7}}, {"model": "studios.point", "pk": 8, "fields": {"latitude": 46.829853, "longitude": -71.254028, "studio": 8}}, {"model": "studios.point", "pk": 9, "fields": {"latitude": 43.761539, "longitude": -79.411079, "studio": 9}}, {"model": "studios.point", "pk": 10, "fields": {"latitude": 34.052235, "longitude": -118.243683, "studio": 10}}, {"model": "studios.point", "pk": 11, "fields": {"latitude": 41.881832, "longitude": -87.623177, "studio": 11}}, {"model": "studios.amenity", "pk": 1, "fields": {"type": "Track", "quantity": 2, "studio": 1}}, {"model": "studios.amenity", "pk": 2, "fields": {"type": "Pool", "quantity": 1, "studio": 1}}, {"model": "studios.amenity", "pk": 3, "fields": {"type": "Yoga", "quantity": 2, "studio": 2}}, {"model": "studios.amenity", "pk": 4, "fields": {"type": "Cycle", "quantity": 1, "studio": 2}}, {"model": "studios.amenity", "pk": 5, "fields": {"type": "Basketball Court", "quantity": 2, "studio": 3}}, {"model": "studios.amenity", "pk": 6, "fields": {"type": "Badminton Court", "quantity": 1, "studio": 4}}, {"model": "studios.amenity", "pk": 7, "fields": {"type": "Pool", "quantity": 1, "studio": 4}}, {"model": "studios.amenity", "pk": 8, "fields": {"type": "Skating Rink", "quantity": 1, "studio": 5}}, {"model": "studios.amenity", "pk": 9, "fields": {"type": "Showers", "quantity": 4, "studio": 6}}, {"model": "studios.amenity", "pk": 10, "fields": {"type": "Sauna", "quantity": 1, "studio": 6}}, {"model": "studios.amenity", "pk": 11, "fields": {"type": "Racquetball Court", "quantity": 2, "studio": 7}}, {"model": "studios.amenity", "pk": 12, "fields": {"type": "Massage Room", "quantity": 1, "studio": 7}}, {"model": "studios.amenity", "pk": 13, "fields": {"type": "Tennis Court", "quantity": 1, "studio": 8}}, {"model": "studios.amenity", "pk": 14, "fields": {"type": "Swimming Pool", "quantity": 1, "studio": 8}}, {"model": "studios.amenity", "pk": 15, "fields": {"type": "Track", "quantity": 1, "studio": 9}}, {"model": "studios.amenity", "pk": 16, "fields": {"type": "Swimming Pool", "quantity": 1, "studio": 9}}, {"model": "studios.amenity", "pk": 17, "fields": {"type": "Basketball Court", "quantity": 2, "studio": 10}}, {"model": "studios.amenity", "pk": 18, "fields": {"type": "Tennis Court", "quantity": 1, "studio": 10}}, {"model": "studios.amenity", "pk": 19, "fields": {"type": "Swimming Pool", "quantity": 1, "studio": 11}}, {"model": "studios.amenity", "pk": 20, "fields": {"type": "Sauna", "quantity": 1, "studio": 11}}, {"model": "studios.keyword", "pk": 1, "fields": {"keyword": "pool", "studio_class": 1}}, {"model": "studios.keyword", "pk": 2, "fields": {"keyword": "swimming", "studio_class": 1}}, {"model": "studios.keyword", "pk": 3, "fields": {"keyword": "beginner", "studio_class": 1}}, {"model": "studios.keyword", "pk": 4, "fields": {"keyword": "pool", "studio_class": 2}}, {"model": "studios.keyword", "pk": 5, "fields": {"keyword": "swimming", "studio_class": 2}}, {"model": "studios.keyword", "pk": 6, "fields": {"keyword": "beginner", "studio_class": 2}}, {"model": "studios.keyword", "pk": 7, "fields": {"keyword": "pool", "studio_class": 3}}, {"model": "studios.keyword", "pk": 8, "fields": {"keyword": "swimming", "studio_class": 3}}, {"model": "studios.keyword", "pk": 9, "fields": {"keyword": "beginner", "studio_class": 3}}, {"model": "studios.keyword", "pk": 10, "fields": {"keyword": "healthy", "studio_class": 4}}, {"model": "studios.keyword", "pk": 11, "fields": {"keyword": "healthy", "studio_class": 5}}, {"model": "studios.keyword", "pk": 12, "fields": {"keyword": "exercise", "studio_class": 5}}, {"model": "studios.keyword", "pk": 13, "fields": {"keyword": "meditate", "studio_class": 5}}, {"model": "studios.keyword", "pk": 14, "fields": {"keyword": "exercise", "studio_class": 4}}, {"model": "studios.keyword", "pk": 15, "fields": {"keyword": "meditate", "studio_class": 4}}, {"model": "studios.keyword", "pk": 16, "fields": {"keyword": "sprint", "studio_class": 6}}, {"model": "studios.keyword", "pk": 17, "fields": {"keyword": "track", "studio_class": 6}}, {"model": "studios.keyword", "pk": 18, "fields": {"keyword": "sprint", "studio_class": 7}}, {"model": "studios.keyword", "pk": 19, "fields": {"keyword": "track", "studio_class": 7}}, {"model": "studios.studioclass", "pk": 1, "fields": {"name": "Beginner's Swimming", "description": "Swimming class open to beginner's of all levels!", "coach": "Eddie", "capacity": 20, "start_time": "2023-01-10T12:00:00Z", "end_time": "2023-01-10T13:00:00Z", "recurrence_end": "2023-01-30T03:03:39Z", "studio": 1, "status": "active"}}, {"model": "studios.studioclass", "pk": 2, "fields": {"name": "Beginner's Swimming", "description": "Swimming class open to beginner's of all levels!", "coach": "Eddie", "capacity": 20, "start_time": "2023-01-17T12:00:00Z", "end_time": "2023-01-17T13:00:00Z", "recurrence_end": "2023-01-30T03:03:39Z", "studio": 1, "status": "active"}}, {"model": "studios.studioclass", "pk": 3, "fields": {"name": "Beginner's Swimming", "description": "Swimming class open to beginner's of all levels!", "coach": "Eddie", "capacity": 20, "start_time": "2023-01-24T12:00:00Z", "end_time": "2023-01-24T13:00:00Z", "recurrence_end": "2023-01-30T03:03:39Z", "studio": 1, "status": "active"}}, {"model": "studios.studioclass", "pk": 4, "fields": {"name": "Hot Yoga", "description": "Great fun yoga class", "coach": "Alexa", "capacity": 20, "start_time": "2023-01-09T08:00:00Z", "end_time": "2023-01-09T10:00:00Z", "recurrence_end": "2023-01-18T08:00:00Z", "studio": 2, "status": "active"}}, {"model": "studios.studioclass", "pk": 5, "fields": {"name": "Hot Yoga", "description": "Great fun yoga class", "coach": "Alexa", "capacity": 20, "start_time": "2023-01-16T08:00:00Z", "end_time": "2023-01-16T10:00:00Z", "recurrence_end": "2023-01-18T08:00:00Z", "studio": 2, "status": "active"}}, {"model": "studios.studioclass", "pk": 6, "fields": {"name": "Sprint Relay", "description": "4x100m sprint around the track", "coach": "John", "capacity": 12, "start_time": "2022-12-21T14:00:00Z", "end_time": "2022-12-21T16:00:00Z", "recurrence_end": "2022-12-29T16:00:00Z", "studio": 1, "status": "active"}}, {"model": "studios.studioclass", "pk": 7, "fields": {"name": "Sprint Relay", "description": "4x100m sprint around the track", "coach": "John", "capacity": 12, "start_time": "2022-12-28T14:00:00Z", "end_time": "2022-12-28T16:00:00Z", "recurrence_end": "2022-12-29T16:00:00Z", "studio": 1, "status": "active"}}, {"model": "studios.studio", "pk": 1, "fields": {"name": "Studio Toronto", "address": "123 Toronto St.", "postal_code": "M5V 0C4", "phone_number": "123-123-1234"}}, {"model": "studios.studio", "pk": 2, "fields": {"name": "Markham One", "address": "123 Markham St.", "postal_code": "MRC 0B2", "phone_number": "123-4321-4343"}}, {"model": "studios.studio", "pk": 3, "fields": {"name": "Sauga Fitness", "address": "99 West Rd.", "postal_code": "M0G 9V3", "phone_number": "333-3322-1231"}}, {"model": "studios.studio", "pk": 4, "fields": {"name": "West Coast Gym", "address": "88 Vancouver Way", "postal_code": "B3C 0V4", "phone_number": "933-231-2323"}}, {"model": "studios.studio", "pk": 5, "fields": {"name": "Calgary Fitness", "address": "342 Calgary Ave.", "postal_code": "M3A 0V3", "phone_number": "342-343-2341"}}, {"model": "studios.studio", "pk": 6, "fields": {"name": "NY Gym", "address": "123 New York St.", "postal_code": "10001", "phone_number": "342-345-0114"}}, {"model": "studios.studio", "pk": 7, "fields": {"name": "Fitness Seattle", "address": "99 Seattle Ave.", "postal_code": "98101", "phone_number": "484-242-3525"}}, {"model": "studios.studio", "pk": 8, "fields": {"name": "QB Health", "address": "33 Quebec Road", "postal_code": "MV4 9C3", "phone_number": "123-444-2222"}}, {"model": "studios.studio", "pk": 9, "fields": {"name": "North York Fit", "address": "88 North York Blvd.", "postal_code": "M2V 0C4", "phone_number": "342-342-1111"}}, {"model": "studios.studio", "pk": 10, "fields": {"name": "LA Workouts", "address": "333 Los Angeles", "postal_code": "90001", "phone_number": "343-424-1231"}}, {"model": "studios.studio", "pk": 11, "fields": {"name": "Running Chicago", "address": "3 Chicago St.", "postal_code": "60007", "phone_number": "342-186-6539"}}, {"model": "studios.subscriptionplan", "pk": 1, "fields": {"price": 14.99, "duration": 7}}, {"model": "studios.subscriptionplan", "pk": 2, "fields": {"price": 30.0, "duration": 30}}, {"model": "studios.subscriptionplan", "pk": 3, "fields": {"price": 250.0, "duration": 365}}, {"model": "studios.subscription", "pk": 16, "fields": {"start_date": "2022-12-09", "next_date": "2023-01-08", "user": 19, "price": 30.0, "duration": 30, "status": "active"}}, {"model": "studios.card", "pk": 5, "fields": {"user": 19, "last_name": "User", "first_name": "Test", "address": "123 Address St.", "phone_number": "123-456-7890", "card_number": 1111222233334444, "card_expiry": "2024-02-11", "card_cvv": 244}}, {"model": "studios.payment", "pk": 14, "fields": {"date": "2022-12-09T08:13:15.185Z", "amount": 30.0, "card": 5, "user": 19}}, {"model": "studios.classbooking", "pk": 3, "fields": {"studio_class": 6, "user": 19}}, {"model": "studios.classbooking", "pk": 4, "fields": {"studio_class": 4, "user": 19}}]